{
    "0": [
        0.002235789706398451,
        -0.0022357897063982456,
        0.01980419075429114,
        -0.019804190754291507,
        -0.005298394771874347,
        0.005298394771874271,
        -0.009816942390878075,
        0.009816942390877999,
        -0.009716515525509811,
        0.009716515525509794,
        -0.009204076998652786,
        0.009204076998652817,
        -0.010898145343383583,
        0.010898145343383557,
        0.0033504877867139506,
        -0.0033504877867138808,
        -0.02576020878909255,
        0.02576020878909254,
        0.01433425024301437,
        -0.01433425024301456,
        -0.023270630687190545,
        0.02327063068719064,
        0.010886518631142006,
        -0.010886518631141972,
        0.005987128321303771,
        -0.005987128321303789,
        -0.01843864624435049,
        0.018438646244350477,
        -0.03380648739189437,
        0.03380648739189435,
        -0.0010961386954482012,
        0.0010961386954481856,
        -0.013218829632285854,
        0.013218829632285971
    ],
    "1": [
        -0.01512878267206422,
        0.015128782672064531,
        0.06571479589486108,
        -0.06571479589486161,
        -0.06341250799212257,
        0.06341250799212271,
        0.022596346407711507,
        -0.022596346407711146,
        -0.01572497197457674,
        0.015724971974576715,
        0.03712906608773038,
        -0.03712906608773043,
        -0.04969417109067073,
        0.04969417109067059,
        -0.008634971913429898,
        0.008634971913429863,
        0.021746849142178996,
        -0.021746849142179094,
        -0.026864962274065395,
        0.026864962274065575,
        -0.043930581376820724,
        0.043930581376820654,
        -0.07431528088710918,
        0.07431528088710905,
        -0.044443177621143345,
        0.04444317762114341,
        -0.03328670703728975,
        0.03328670703728984,
        -0.028090913827683694,
        0.028090913827683642,
        -0.035430626464871794,
        0.035430626464871856,
        -0.007751330850499809,
        0.007751330850499722
    ],
    "2": [
        -0.001656437994094062,
        0.0016564379940940727,
        5.603065031209765e-06,
        -5.603065031212381e-06,
        -0.005347076157498808,
        0.00534707615749882,
        -0.004515644746824394,
        0.004515644746824405,
        0.0014439110723376107,
        -0.0014439110723375851,
        -0.002058486945661841,
        0.00205848694566184,
        -0.0007267073086869125,
        0.0007267073086869091,
        -0.0028645049356936405,
        0.0028645049356936804,
        -0.0016911961370442896,
        0.0016911961370442727,
        -0.008087016563170728,
        0.00808701656317074,
        -0.003503539782437813,
        0.003503539782437837,
        0.0037838671708886745,
        -0.003783867170888681,
        -0.003099578325879541,
        0.00309957832587954,
        -0.002127166264267645,
        0.002127166264267657,
        0.0010969407416100603,
        -0.0010969407416100622,
        0.0028974900441242355,
        -0.002897490044124239,
        -0.007062858180767113,
        0.007062858180767129
    ],
    "3": [
        0.011106366377349396,
        -0.011106366377349396,
        -0.039321540455359565,
        0.039321540455359565,
        -0.06676822532913217,
        0.06676822532913217,
        0.06266193201788527,
        -0.06266193201788527,
        0.046247141418410506,
        -0.046247141418410506,
        0.02440235068509932,
        -0.02440235068509932,
        -0.013386865888391736,
        0.013386865888391736,
        -0.07818584377876238,
        0.07818584377876238,
        -0.09304003596345817,
        0.09304003596345817,
        -0.0408045957959631,
        0.0408045957959631,
        0.05383431563587697,
        -0.05383431563587697,
        -0.05378309792033533,
        0.05378309792033533,
        -0.020237913371810665,
        0.020237913371810665,
        0.027594396795908225,
        -0.027594396795908225,
        -0.031861415529640114,
        0.031861415529640114,
        -0.06295201113507048,
        0.06295201113507048,
        -0.07662858521975409,
        0.07662858521975409
    ],
    "4": [
        0.005307215748380468,
        -0.005307215748379991,
        0.009146888918617946,
        -0.009146888918617948,
        -0.03463640879933702,
        0.03463640879933722,
        -0.010018373096877808,
        0.010018373096877881,
        0.005620976361074935,
        -0.005620976361074901,
        0.06164368307976803,
        -0.06164368307976789,
        -0.05609558382005256,
        0.05609558382005254,
        -0.025345240912763498,
        0.025345240912763536,
        -0.039601551313421614,
        0.03960155131342157,
        0.0061844009295684765,
        -0.006184400929568098,
        0.017593634873877637,
        -0.017593634873877495,
        0.017070320672559525,
        -0.017070320672559574,
        -0.009555144478671077,
        0.00955514447867111,
        -0.047624087916090393,
        0.04762408791609046,
        -0.051680656735347934,
        0.05168065673534789,
        -0.0357735262346561,
        0.03577352623465604,
        -0.03356007332745613,
        0.033560073327456225
    ],
    "5": [
        0.037783630334648745,
        -0.037783630334648745,
        0.01918148307418179,
        -0.01918148307418179,
        0.009441574479732094,
        -0.009441574479732094,
        -0.011811701391403745,
        0.011811701391403745,
        0.01616555129672273,
        -0.01616555129672273,
        -0.009997729218747881,
        0.009997729218747881,
        0.0108575109660729,
        -0.0108575109660729,
        0.04229852163502735,
        -0.04229852163502735,
        -0.0006462061987298367,
        0.0006462061987298367,
        -0.009330267882817489,
        0.009330267882817489,
        0.031105847932847885,
        -0.031105847932847885,
        0.00019450129276990709,
        -0.00019450129276990709,
        -0.0015891517330968226,
        0.0015891517330968226,
        0.029546225507589317,
        -0.029546225507589317,
        0.0036159235882264164,
        -0.0036159235882264164,
        0.005388519269288562,
        -0.005388519269288562,
        0.02129030826870467,
        -0.02129030826870467
    ]
}