{
    "0": [
        0.00954358248923299,
        -0.00954358248923299,
        -0.007295648943875014,
        0.007295648943875014,
        0.018648199304525555,
        -0.018648199304525555,
        0.0024200922347158097,
        -0.0024200922347158097,
        0.003556109574665284,
        -0.003556109574665284,
        0.009223098064619073,
        -0.009223098064619073,
        0.018227809622186102,
        -0.018227809622186102,
        0.018074347721996613,
        -0.018074347721996613,
        -0.017528552456836426,
        0.017528552456836426,
        0.01814338887432538,
        -0.01814338887432538,
        -0.003182856422163805,
        0.003182856422163805,
        0.012936956617883561,
        -0.012936956617883561,
        0.02509047500841144,
        -0.02509047500841144
    ],
    "1": [
        0.01476930011479115,
        -0.014769300114791054,
        -0.01289688195231821,
        0.012896881952318227,
        0.005146119294656076,
        -0.00514611929465611,
        0.02357809282841601,
        -0.023578092828416053,
        0.02246652614588221,
        -0.022466526145882248,
        0.0011910930680687085,
        -0.0011910930680687553,
        -0.023170010762332046,
        0.02317001076233214,
        0.00912485159865352,
        -0.00912485159865356,
        0.0025632582419341404,
        -0.0025632582419341733,
        0.02483755524967064,
        -0.024837555249670674,
        0.009040662397541652,
        -0.00904066239754163,
        0.0239868006918136,
        -0.023986800691813616,
        0.020652944422118957,
        -0.02065294442211918
    ],
    "2": [
        -0.0003088162562029634,
        0.0003088162562029613,
        -0.0005233244630599476,
        0.0005233244630599655,
        -0.00017689294052206756,
        0.00017689294052206257,
        0.0003231271907853341,
        -0.00032312719078533245,
        -0.0008584624195642925,
        0.0008584624195642912,
        -0.0012003620813580672,
        0.001200362081358076,
        -0.0011660626034794982,
        0.0011660626034795001,
        -0.00010610244961972364,
        0.000106102449619714,
        -0.0013161751543568775,
        0.0013161751543568768,
        -0.0008387082137946916,
        0.0008387082137946919,
        0.0003903412753033136,
        -0.000390341275303302,
        -2.4797400162238882e-06,
        2.4797400162220544e-06,
        -0.00042229199824218855,
        0.000422291998242192
    ],
    "3": [
        -0.03726155136552003,
        0.03726155136552003,
        0.014649283249793808,
        -0.014649283249793808,
        -0.042784562675036976,
        0.042784562675036976,
        2.4506550485254398e-05,
        -2.4506550485254398e-05,
        -0.08772371473571014,
        0.08772371473571014,
        -0.04789893555707607,
        0.04789893555707607,
        -0.08110376305789593,
        0.08110376305789593,
        -0.07105356815613817,
        0.07105356815613817,
        0.007060627284092421,
        -0.007060627284092421,
        -0.028798677425477953,
        0.028798677425477953,
        -0.02892220813135224,
        0.02892220813135224,
        -0.04109560388137136,
        0.04109560388137136,
        0.019951931605489026,
        -0.019951931605489026
    ],
    "4": [
        -0.021586043158548944,
        0.021586043158548906,
        -0.004507392208155126,
        0.0045073922081550095,
        -0.0061405833850486395,
        0.0061405833850486325,
        -0.0059970784629554555,
        0.005997078462955419,
        -0.019172167984495114,
        0.019172167984495128,
        0.0077147904324676355,
        -0.007714790432467671,
        -0.0073280168931472,
        0.0073280168931471636,
        0.01024897060259725,
        -0.010248970602597232,
        -0.012856997747116445,
        0.012856997747116412,
        -0.008626722253595677,
        0.008626722253595643,
        -0.007673944942909139,
        0.007673944942909131,
        -0.011914736261987963,
        0.011914736261987961,
        0.004715408590494519,
        -0.004715408590494574
    ],
    "5": [
        -0.007147198631930858,
        0.007147198631930807,
        -0.0025836866505315683,
        0.0025836866505316155,
        -0.0001670120199774054,
        0.00016701201997745173,
        -0.004195685328575943,
        0.004195685328575942,
        -0.011576179066716522,
        0.011576179066716503,
        0.005190951646021265,
        -0.005190951646021261,
        -0.01802503769004983,
        0.018025037690049817,
        -0.013724657332884532,
        0.013724657332884506,
        0.00244402666629236,
        -0.0024440266662923336,
        -0.01079259843290196,
        0.010792598432902012,
        -0.013392886144436095,
        0.013392886144436032,
        -0.008795406771636063,
        0.008795406771636042,
        0.001106592101403403,
        -0.0011065921014033475
    ]
}