{
    "0": [
        0.006315370832336492,
        -0.006315370832336548,
        -0.0006343713606826173,
        0.0006343713606825618,
        -0.001866640613748971,
        0.001866640613748971,
        0.00959047703919863,
        -0.00959047703919863,
        -0.009759983973003095,
        0.009759983973003039,
        0.007581068581926753,
        -0.007581068581926753,
        0.00345524468991934,
        -0.003455244689919368,
        -0.0010726449416426642,
        0.0010726449416426642,
        -0.0021338710511131787,
        0.0021338710511132897,
        0.004426051049026852,
        -0.00442605104902688,
        -0.0037658970029604277,
        0.0037658970029604277,
        0.003049534709996138,
        -0.00304953470999611,
        0.0031403758692504224,
        -0.00314037586925045,
        -0.004359556708449119,
        0.004359556708449147,
        -0.006240825138796452,
        0.0062408251387963964,
        0.007414312370699699,
        -0.007414312370699699,
        0.0015099689748423184,
        -0.0015099689748423462,
        0.008334443302078581,
        -0.008334443302078609,
        0.004021973741283769,
        -0.004021973741283741,
        0.002622939042347533,
        -0.0026229390423474774,
        -0.0032129242509872924,
        0.003212924250987237,
        0.011808482055265468,
        -0.011808482055265496
    ],
    "1": [
        0.038372741647594744,
        -0.0383727416475943,
        0.04838970805974263,
        -0.04838970805974263,
        -0.03144434338213087,
        0.03144434338213109,
        0.07181310960307097,
        -0.07181310960307052,
        -0.012717719829024476,
        0.012717719829024476,
        -0.07503223755546196,
        0.07503223755546196,
        0.004418870165456168,
        -0.004418870165456168,
        -0.028578047730070333,
        0.028578047730070555,
        0.0074845773428406925,
        -0.0074845773428404705,
        -0.07997279237752286,
        0.0799727923775232,
        0.006591624906362226,
        -0.0065916249063617816,
        -0.07540671759981143,
        0.07540671759981166,
        -0.009895276834245736,
        0.009895276834245736,
        -0.0022581131150556377,
        0.0022581131150554157,
        -0.04196102712908667,
        0.041961027129086226,
        -0.02370053109645809,
        0.023700531096457866,
        -0.03569412133422789,
        0.03569412133422778,
        0.04729222871973793,
        -0.047292228719737484,
        -0.015382416945418198,
        0.01538241694541842,
        0.007033721333644216,
        -0.007033721333643994,
        -0.027196675394617342,
        0.027196675394617564,
        -0.03239544210271528,
        0.03239544210271528
    ],
    "2": [
        0.006471500214435183,
        -0.006471500214435183,
        0.00296614111675636,
        -0.00296614111675636,
        0.0011371748719944952,
        -0.0011371748719944952,
        0.0008692226836851114,
        -0.0008692226836851114,
        -0.0034590526132049493,
        0.0034590526132049493,
        -0.007972030941774816,
        0.007972030941774816,
        0.0005169429033094752,
        -0.0005169429033094752,
        -0.0045699088285335865,
        0.0045699088285335865,
        -0.0017713429037450046,
        0.0017713429037450046,
        0.0034609528873884576,
        -0.0034609528873884576,
        -0.005709768272701976,
        0.005709768272701976,
        -0.010346547721847427,
        0.010346547721847427,
        -0.008449884746009051,
        0.008449884746009051,
        0.010197986360788225,
        -0.010197986360788225,
        -0.004397687486170226,
        0.004397687486170226,
        0.0021281805301769097,
        -0.0021281805301769097,
        -0.00092229469454716,
        0.00092229469454716,
        -0.0056948512590707795,
        0.0056948512590707795,
        -0.008755324209151094,
        0.008755324209151094,
        -0.007801310033429099,
        0.007801310033429099,
        0.0038288832700539843,
        -0.0038288832700539843,
        -0.00048483661734036176,
        0.00048483661734036176
    ],
    "3": [
        -0.009790339576026597,
        0.009790339576026597,
        -0.07972972960097913,
        0.07972972960097913,
        0.1062803023803296,
        -0.1062803023803296,
        -0.03037651987300638,
        0.03037651987300638,
        -0.0996225085628073,
        0.0996225085628073,
        -0.057182620985055,
        0.057182620985055,
        -0.013346140920652338,
        0.013346140920652338,
        -0.04741595555624167,
        0.04741595555624167,
        0.014765210014494379,
        -0.014765210014494379,
        -0.0409098993701682,
        0.0409098993701682,
        0.09349540742165185,
        -0.09349540742165185,
        -0.06759046428754267,
        0.06759046428754267,
        -0.08809235768948209,
        0.08809235768948209,
        -0.11888877906304063,
        0.11888877906304063,
        -0.006651560727845673,
        0.006651560727845673,
        -0.009497219479637664,
        0.009497219479637664,
        -0.012194262710270909,
        0.012194262710270909,
        0.09137752980818803,
        -0.09137752980818803,
        0.11999819785537902,
        -0.11999819785537902,
        -0.07969748953533973,
        0.07969748953533973,
        -0.06705033836739949,
        0.06705033836739949,
        -0.04193218748747496,
        0.04193218748747496
    ],
    "4": [
        0.01357393694695791,
        -0.013573936946957965,
        -0.0006365149048710439,
        0.0006365149048710439,
        0.0036626820053171083,
        -0.0036626820053171083,
        -0.001328593186108118,
        0.001328593186108118,
        -0.0015365863349574571,
        0.0015365863349574571,
        -0.011442502496876339,
        0.01144250249687645,
        0.0018369430113461815,
        -0.0018369430113461815,
        0.014817516630739935,
        -0.014817516630739935,
        -0.007434897806387231,
        0.007434897806387231,
        0.010042742430877605,
        -0.010042742430877605,
        -0.005693924522169991,
        0.005693924522169991,
        -0.008474534816765966,
        0.008474534816765966,
        -0.00010038762172026594,
        0.00010038762172021043,
        5.160723840735848e-05,
        -5.160723840735848e-05,
        -0.019056592351823665,
        0.019056592351823665,
        -0.013598918686711065,
        0.013598918686711065,
        -0.010859918011476899,
        0.010859918011476899,
        -0.012528749517519089,
        0.012528749517519089,
        0.012430623920772044,
        -0.012430623920772044,
        -0.005970561389766815,
        0.005970561389766815,
        -0.013875928563121642,
        0.013875928563121642,
        -0.015269616123229135,
        0.015269616123229135
    ],