{
    "0": [
        -0.08810096983302192,
        0.08810096983302192,
        -0.06213094710672585,
        0.06213094710672585,
        -0.07956102006881478,
        0.07956102006881478,
        -0.04667428089815051,
        0.04667428089815051,
        -0.04954205108821483,
        0.04954205108821483
    ],
    "1": [
        -0.009903053954882704,
        0.009903053954882678,
        -0.009859506994228787,
        0.009859506994228783,
        -0.008981281048195998,
        0.008981281048195995,
        -0.01108604278049805,
        0.011086042780498032,
        -0.00469558748268303,
        0.004695587482683021
    ],
    "2": [
        -0.020906680939685937,
        0.020906680939685958,
        -0.02585190223925371,
        0.02585190223925373,
        -0.016329599594837436,
        0.01632959959483746,
        -0.022465314073494228,
        0.022465314073494235,
        -0.02736845931269062,
        0.02736845931269064
    ],
    "3": [
        -0.053841559946094325,
        0.053841559946094325,
        -0.060887284865807106,
        0.060887284865807106,
        -0.04664028741348816,
        0.04664028741348816,
        -0.06137050961856507,
        0.06137050961856507,
        -0.028529809449667647,
        0.028529809449667647
    ],
    "4": [
        0.003927238667244939,
        -0.003927238667244957,
        0.0032610952916049102,
        -0.0032610952916049224,
        0.004543734530102215,
        -0.004543734530102238,
        0.00453692459806997,
        -0.004536924598069998,
        0.0037573934993448696,
        -0.0037573934993448965
    ],
    "5": [
        -0.013241381584760141,
        0.013241381584760155,
        -0.019510095759289147,
        0.019510095759289168,
        -0.015469111379938954,
        0.015469111379938975,
        -0.015778072978837432,
        0.015778072978837446,
        -0.010376839079299231,
        0.010376839079299238
    ]
}